RETUNED AC/Beginner,RE-TUNED,3,1494177,1887228
RETUNED AC/Easy,RE-TUNED,11,1490906,1879050
RETUNED AC/Normal,RE-TUNED,37,1480099,1852033
RETUNED AC/Hard,RE-TUNED,77,1468750,1823660
RETUNED AC/UNBEATABLE,RE-TUNED,90,1474162,1837189
RETUNED AC/Star,RE-TUNED,91,1477901,1846538
PROPER RHYTHM TUTORIAL/Beginner,Proper Rhythm (TUTORIAL),5,1486472,1867965
Waiting/Beginner,Waiting,6,1489427,1875352
Waiting/Easy,Waiting,6,1492383,1882743
Waiting/Normal,Waiting,10,1489777,1876226
Waiting/Hard,Waiting,21,1483358,1860180
Waiting/UNBEATABLE,Waiting,17,1490058,1876929
Waiting/Star,Waiting,45,1482607,1858302
Familiar/Tutorial,Familiar,5,1484427,1862852
Familiar/Beginner,Familiar,3,1482903,1859042
Familiar/Easy,Familiar,2,1491359,1880184
Familiar/Normal,Familiar,5,1485119,1864583
Familiar/Hard,Familiar,5,1492988,1884255
Familiar/UNBEATABLE,Familiar,27,1466046,1816901
DIALTONE AC/Beginner,DIALTONE,0,1500000,1901785
DIALTONE AC/Easy,DIALTONE,14,1493194,1884771
DIALTONE AC/Normal,DIALTONE,74,1477679,1845982
DIALTONE AC/Hard,DIALTONE,112,1475570,1840710
DIALTONE AC/UNBEATABLE,DIALTONE,143,1475834,1841369
MEMORIZED/Beginner,MEMORIZED,3,1493623,1885841
MEMORIZED/Easy,MEMORIZED,8,1489648,1875905
MEMORIZED/Normal,MEMORIZED,17,1483442,1860389
MEMORIZED/Hard,MEMORIZED,22,1483018,1859329
MEMORIZED/UNBEATABLE,MEMORIZED,31,1482257,1857428
yeahx6/Beginner,YEAH YEAH YEAH YEAH YEAH YEAH YEAH YEAH,4,1488354,1872670
yeahx6/Easy,YEAH YEAH YEAH YEAH YEAH YEAH YEAH YEAH,10,1480305,1852547
yeahx6/Normal,YEAH YEAH YEAH YEAH YEAH YEAH YEAH YEAH,13,1480655,1853422
yeahx6/Hard,YEAH YEAH YEAH YEAH YEAH YEAH YEAH YEAH,12,1489461,1875439
yeahx6/UNBEATABLE,YEAH YEAH YEAH YEAH YEAH YEAH YEAH YEAH,20,1487425,1870347
yeahx6/Star,YEAH YEAH YEAH YEAH YEAH YEAH YEAH YEAH,21,1489717,1876077
LONER/Beginner,Loner,0,1500000,1901785
LONER/Easy,Loner,2,1495301,1890037
LONER/Normal,Loner,13,1483575,1860722
LONER/Hard,Loner,12,1488354,1872670
LONER/UNBEATABLE,Loner,27,1483675,1860972
Sleeping In/Beginner,sleeping in,0,1500000,1901785
Sleeping In/Easy,sleeping in,3,1496118,1892080
Sleeping In/Normal,sleeping in,0,1500000,1901785
Sleeping In/Hard,sleeping in,12,1492472,1882966
Sleeping In/UNBEATABLE,sleeping in,18,1492347,1882653
NO SIGNAL/Beginner,No Signal,5,1490365,1877697
NO SIGNAL/Easy,No Signal,8,1490683,1878493
NO SIGNAL/Normal,No Signal,12,1491651,1880913
NO SIGNAL/Hard,No Signal,20,1490748,1878654
NO SIGNAL/UNBEATABLE,No Signal,34,1489663,1875942
FOREVER NOW/Beginner,Forever Now,5,1489930,1876611
FOREVER NOW/Easy,Forever Now,3,1496610,1893309
FOREVER NOW/Normal,Forever Now,16,1488161,1872188
FOREVER NOW/Hard,Forever Now,24,1488722,1873590
FOREVER NOW/UNBEATABLE,Forever Now,74,1473677,1835977
FOREVER NOW/Star,Forever Now,122,1458739,1798633
PROPERRHYTHM/Beginner,Proper Rhythm,0,1500000,1901785
PROPERRHYTHM/Easy,Proper Rhythm,12,1479911,1851562
PROPERRHYTHM/Normal,Proper Rhythm,13,1485182,1864741
PROPERRHYTHM/Hard,Proper Rhythm,18,1484742,1863641
PROPERRHYTHM/UNBEATABLE,Proper Rhythm,100,1443490,1760510
PROPERRHYTHM/Star,Proper Rhythm,116,1452271,1782463
Stolen/Beginner,Stolen,0,1500000,1901785
Stolen/Easy,Stolen,1,1497891,1896512
Stolen/Normal,Stolen,1,1498001,1896788
Stolen/Hard,Stolen,11,1487568,1870705
Stolen/UNBEATABLE,Stolen,12,1491194,1879769
EMPTY DIARY/Beginner,Empty Diary,0,1500000,1901785
EMPTY DIARY/Easy,Empty Diary,9,1483821,1861337
EMPTY DIARY/Normal,Empty Diary,21,1476947,1844152
EMPTY DIARY/Hard,Empty Diary,45,1468446,1822900
EMPTY DIARY/UNBEATABLE,Empty Diary,64,1467159,1819683
Future People/Beginner,Future People,0,1500000,1901785
Future People/Easy,Future People,11,1489625,1875848
Future People/Normal,Future People,33,1476554,1843169
Future People/Hard,Future People,26,1485729,1866108
Future People/UNBEATABLE,Future People,72,1472330,1832611
WOT ROCK/Beginner,WORN OUT TAPES,1,1498087,1897002
WOT ROCK/Easy,WORN OUT TAPES,7,1492560,1883184
WOT ROCK/Normal,WORN OUT TAPES,11,1490793,1878766
WOT ROCK/Hard,WORN OUT TAPES,27,1484870,1863960
WOT ROCK/UNBEATABLE,WORN OUT TAPES,46,1479933,1851616
Mirror/Beginner,Mirror,0,1500000,1901785
Mirror/Easy,Mirror,9,1489042,1874391
Mirror/Normal,Mirror,14,1485632,1865866
Mirror/Hard,Mirror,35,1476266,1842450
Mirror/UNBEATABLE,Mirror,67,1466950,1819159
Mirror/Star,Mirror,46,1476839,1843884
BookendSong AC/Beginner,BOOKEND SONG,9,1494509,1888057
BookendSong AC/Easy,BOOKEND SONG,25,1491723,1881091
BookendSong AC/Normal,BOOKEND SONG,36,1491121,1879587
BookendSong AC/Hard,BOOKEND SONG,87,1486436,1867874
BookendSong AC/UNBEATABLE,BOOKEND SONG,189,1479286,1850000
WAY BACK WHEN/Beginner,WAY BACK WHEN,9,1489871,1876463
WAY BACK WHEN/Easy,WAY BACK WHEN,16,1488839,1873883
WAY BACK WHEN/Normal,WAY BACK WHEN,30,1486472,1867965
WAY BACK WHEN/Hard,WAY BACK WHEN,43,1485692,1866015
WAY BACK WHEN/UNBEATABLE,WAY BACK WHEN,176,1457795,1796273
MIC CHECK/Beginner,MIC CHECK,4,1490996,1879276
MIC CHECK/Easy,MIC CHECK,12,1479656,1850926
MIC CHECK/Normal,MIC CHECK,19,1480426,1852850
MIC CHECK/Hard,MIC CHECK,31,1476610,1843309
MIC CHECK/UNBEATABLE,MIC CHECK,46,1472800,1833786
BookendSongOpeningVer/Beginner,BOOKEND SONG -Opening Ver.-,2,1492951,1884163
BookendSongOpeningVer/Easy,BOOKEND SONG -Opening Ver.-,4,1491072,1879464
BookendSongOpeningVer/Normal,BOOKEND SONG -Opening Ver.-,1,1498357,1897677
BookendSongOpeningVer/Hard,BOOKEND SONG -Opening Ver.-,7,1491071,1879464
BookendSongOpeningVer/UNBEATABLE,BOOKEND SONG -Opening Ver.-,8,1491597,1880777
PLASTIC HAMMER/Beginner,PLASTIC HAMMER,0,1500000,1901785
PLASTIC HAMMER/Easy,PLASTIC HAMMER,1,1496921,1894088
PLASTIC HAMMER/Normal,PLASTIC HAMMER,5,1491012,1879314
PLASTIC HAMMER/Hard,PLASTIC HAMMER,10,1488504,1873045
PLASTIC HAMMER/UNBEATABLE,PLASTIC HAMMER,11,1491533,1880618
BANG/Beginner,BANG,15,1478628,1848356
BANG/Easy,BANG,29,1472744,1833646
BANG/Normal,BANG,35,1476679,1843483
BANG/Hard,BANG,76,1463970,1811709
BANG/UNBEATABLE,BANG,109,1464088,1812005
BANG/Star,BANG,110,1473716,1836075
forgetter/Beginner,FORGETTER,2,1493304,1885044
forgetter/Easy,FORGETTER,2,1495421,1890338
forgetter/Normal,FORGETTER,2,1496280,1892485
forgetter/Hard,FORGETTER,6,1493413,1885319
forgetter/UNBEATABLE,FORGETTER,13,1490486,1878000
COOL FINAL/Beginner,cool_final2-actualfinal,0,1500000,1901785
COOL FINAL/Easy,cool_final2-actualfinal,5,1494227,1887353
COOL FINAL/Normal,cool_final2-actualfinal,12,1487295,1870024
COOL FINAL/Hard,cool_final2-actualfinal,16,1488290,1872511
COOL FINAL/UNBEATABLE,cool_final2-actualfinal,41,1474927,1839102
c2_dream1/Beginner,HELD_UP,2,1493043,1884392
c2_dream1/Easy,HELD_UP,3,1492273,1882469
c2_dream1/Normal,HELD_UP,5,1491415,1880322
c2_dream1/Hard,HELD_UP,10,1489156,1874674
c2_dream1/UNBEATABLE,HELD_UP,17,1484872,1863965
c2_dream2/Beginner,DEAD_SUMMER,2,1488354,1872670
c2_dream2/Easy,DEAD_SUMMER,3,1489141,1874638
c2_dream2/Normal,DEAD_SUMMER,4,1488839,1873883
c2_dream2/Hard,DEAD_SUMMER,12,1478428,1847854
c2_dream2/UNBEATABLE,DEAD_SUMMER,16,1478572,1848214
c2_dream3/Beginner,DE_TASSEL,2,1488839,1873883
c2_dream3/Easy,DE_TASSEL,1,1495460,1890435
c2_dream3/Normal,DE_TASSEL,2,1493467,1885452
c2_dream3/Hard,DE_TASSEL,4,1491145,1879648
c2_dream3/UNBEATABLE,DE_TASSEL,9,1486225,1867346
dreamfade/Beginner,Call_Home,1,1489698,1876030
dreamfade/Easy,Call_Home,3,1482143,1857142
dreamfade/Normal,Call_Home,5,1484056,1861926
dreamfade/Hard,Call_Home,7,1486796,1868775
dreamfade/UNBEATABLE,Call_Home,15,1483993,1861767
Eating Is Living/Beginner,Eating is Living,1,1496811,1893813
Eating Is Living/Easy,Eating is Living,2,1496673,1893467
Eating Is Living/Normal,Eating is Living,7,1491592,1880765
Eating Is Living/Hard,Eating is Living,10,1492004,1881796
Eating Is Living/UNBEATABLE,Eating is Living,11,1492164,1882194
Eating Is Living/Star,Eating is Living,15,1489671,1875963
Cop Trauma/Beginner,Cop Trauma,0,1500000,1901785
Cop Trauma/Easy,Cop Trauma,0,1500000,1901785
Cop Trauma/Normal,Cop Trauma,0,1500000,1901785
Cop Trauma/Hard,Cop Trauma,0,1500000,1901785
Cop Trauma/UNBEATABLE,Cop Trauma,0,1500000,1901785
ALTERNATIVE POLICING STRATEGY ARCADE/Beginner,ALTERNATIVE POLICING STRATEGY,7,1466518,1818080
ALTERNATIVE POLICING STRATEGY ARCADE/Easy,ALTERNATIVE POLICING STRATEGY,6,1482531,1858113
ALTERNATIVE POLICING STRATEGY ARCADE/Normal,ALTERNATIVE POLICING STRATEGY,22,1467622,1820839
ALTERNATIVE POLICING STRATEGY ARCADE/Hard,ALTERNATIVE POLICING STRATEGY,18,1483982,1861740
ALTERNATIVE POLICING STRATEGY ARCADE/UNBEATABLE,ALTERNATIVE POLICING STRATEGY,46,1474169,1837207
GO FIGURE/Beginner,GO FIGURE,6,1465806,1816299
GO FIGURE/Easy,GO FIGURE,4,1487542,1870639
GO FIGURE/Normal,GO FIGURE,14,1474315,1837573
GO FIGURE/Hard,GO FIGURE,39,1457535,1795622
GO FIGURE/UNBEATABLE,GO FIGURE,54,1456694,1793520
GO FIGURE/Star,GO FIGURE,42,1471591,1830762
apb/Beginner,APB,5,1490502,1878039
apb/Easy,APB,10,1484606,1863300
apb/Normal,APB,10,1487365,1870198
apb/Hard,APB,14,1486702,1868540
apb/UNBEATABLE,APB,24,1480981,1854237
apb/Star,APB,45,1472543,1833143
ch4_dream1/Beginner,OLD_FEELING,1,1495040,1889384
ch4_dream1/Easy,OLD_FEELING,5,1486193,1867267
ch4_dream1/Normal,OLD_FEELING,12,1476013,1841817
ch4_dream1/Hard,OLD_FEELING,20,1474849,1838908
ch4_dream1/UNBEATABLE,OLD_FEELING,23,1479464,1850446
ch4_dream2/Beginner,NEW_FORM,3,1488682,1873490
ch4_dream2/Easy,NEW_FORM,7,1482798,1858781
ch4_dream2/Normal,NEW_FORM,13,1475478,1840480
ch4_dream2/Hard,NEW_FORM,21,1476852,1843915
ch4_dream2/UNBEATABLE,NEW_FORM,31,1474372,1837714
HARM ASSAULT AC/Beginner,HARM ASSAULT,13,1469185,1824747
HARM ASSAULT AC/Easy,HARM ASSAULT,16,1478888,1849005
HARM ASSAULT AC/Normal,HARM ASSAULT,56,1460212,1802316
HARM ASSAULT AC/Hard,HARM ASSAULT,77,1466947,1819153
HARM ASSAULT AC/UNBEATABLE,HARM ASSAULT,143,1460017,1801828
proper rhythm zflip/Beginner,PROPER RHYTHM (ALL THERE IS TO IT),19,1482571,1858213
proper rhythm zflip/Easy,PROPER RHYTHM (ALL THERE IS TO IT),48,1472110,1832061
proper rhythm zflip/Normal,PROPER RHYTHM (ALL THERE IS TO IT),98,1464812,1813816
proper rhythm zflip/Hard,PROPER RHYTHM (ALL THERE IS TO IT),146,1459348,1800156
proper rhythm zflip/UNBEATABLE,PROPER RHYTHM (ALL THERE IS TO IT),175,1463264,1809945
proper rhythm zflip/Star,PROPER RHYTHM (ALL THERE IS TO IT),180,1467707,1821051
ZERO MOMENT AC/Beginner,ZERO MOMENT,3,1494177,1887228
ZERO MOMENT AC/Easy,ZERO MOMENT,8,1488290,1872511
ZERO MOMENT AC/Normal,ZERO MOMENT,11,1490495,1878024
ZERO MOMENT AC/Hard,ZERO MOMENT,36,1481276,1854975
ZERO MOMENT AC/UNBEATABLE,ZERO MOMENT,46,1482348,1857654
ZERO MOMENT AC/Star,ZERO MOMENT,70,1481654,1855919
rest v beat part 1/Beginner,STRICKEN,0,1500000,1901785
rest v beat part 1/Easy,STRICKEN,4,1496429,1892857
rest v beat part 1/Normal,STRICKEN,4,1497514,1895571
rest v beat part 1/Hard,STRICKEN,4,1498199,1897283
rest v beat part 1/UNBEATABLE,STRICKEN,39,1485749,1866156
beat v rest pt 2 ac/Beginner,REST VS. BEAT,1,1497473,1895468
beat v rest pt 2 ac/Easy,REST VS. BEAT,3,1495328,1890105
beat v rest pt 2 ac/Normal,REST VS. BEAT,6,1493571,1885714
beat v rest pt 2 ac/Hard,REST VS. BEAT,31,1480183,1852241
beat v rest pt 2 ac/UNBEATABLE,REST VS. BEAT,48,1478355,1847673
SILENT SPIRAL AC/Beginner,Silent Spiral,10,1464286,1812499
SILENT SPIRAL AC/Easy,Silent Spiral,15,1465363,1815193
SILENT SPIRAL AC/Normal,Silent Spiral,23,1468244,1822394
SILENT SPIRAL AC/Hard,Silent Spiral,48,1456564,1793194
SILENT SPIRAL AC/UNBEATABLE,Silent Spiral,51,1474466,1837950
PRONTO A MOLTO AC/Beginner,PRONTO A MOLTO,7,1491238,1879881
PRONTO A MOLTO AC/Easy,PRONTO A MOLTO,31,1476870,1843961
PRONTO A MOLTO AC/Normal,PRONTO A MOLTO,45,1472913,1834068
PRONTO A MOLTO AC/Hard,PRONTO A MOLTO,68,1472855,1833923
PRONTO A MOLTO AC/UNBEATABLE,PRONTO A MOLTO,75,1476586,1843250
Infinity Chase AC/Beginner,Infinity Chase,9,1471968,1831706
Infinity Chase AC/Easy,Infinity Chase,22,1462466,1807950
Infinity Chase AC/Normal,Infinity Chase,45,1459955,1801673
Infinity Chase AC/Hard,Infinity Chase,65,1461050,1804410
Infinity Chase AC/UNBEATABLE,Infinity Chase,96,1465015,1814322
LOW PITCH/Beginner,LOW PITCH,0,1500000,1901785
LOW PITCH/Easy,LOW PITCH,13,1484592,1863266
LOW PITCH/Normal,LOW PITCH,20,1481902,1856539
LOW PITCH/Hard,LOW PITCH,21,1487099,1869532
LOW PITCH/UNBEATABLE,LOW PITCH,30,1485625,1865847
It's Whacktime/Beginner,It's WhackTime!,0,1500000,1901785
It's Whacktime/Easy,It's WhackTime!,8,1485323,1865092
It's Whacktime/Normal,It's WhackTime!,8,1489392,1875265
It's Whacktime/Hard,It's WhackTime!,15,1487163,1869694
It's Whacktime/UNBEATABLE,It's WhackTime!,21,1486827,1868852
Ball Is Infinite/Beginner,Ball is Infinite,5,1484244,1862395
Ball Is Infinite/Easy,Ball is Infinite,5,1488354,1872670
Ball Is Infinite/Normal,Ball is Infinite,1,1498238,1897380
Ball Is Infinite/Hard,Ball is Infinite,3,1496263,1892441
Ball Is Infinite/UNBEATABLE,Ball is Infinite,3,1497473,1895468
SWING/Star,Ş̸̫̬̞͇̪̖̭̞̯̗̖͐̀ͅW̷̢̛͍̠̤̜͉̺̟̥͕͐́͒̿̔̕͘͘I̶͇̘̯̍̽͘N̵̢̨̨̬̘̞͎͔̈́̈́͊̏̒̿̎̕͜͝͝ͅG,57,1483946,1861649
Motherbound/Beginner,Motherbound,3,1494571,1888211
Motherbound/Easy,Motherbound,2,1497210,1894810
Motherbound/Normal,Motherbound,11,1486728,1868605
Motherbound/Hard,Motherbound,11,1492267,1882452
Motherbound/UNBEATABLE,Motherbound,12,1492661,1883439
Motherbound/Star,Motherbound,43,1480142,1852139
Neo Elsewhere/Beginner,Neo Elsewhere,1,1497322,1895089
Neo Elsewhere/Easy,Neo Elsewhere,3,1495009,1889307
Neo Elsewhere/Normal,Neo Elsewhere,2,1497412,1895315
Neo Elsewhere/Hard,Neo Elsewhere,51,1465240,1814885
Neo Elsewhere/UNBEATABLE,Neo Elsewhere,56,1469819,1826333
Malapropism/Beginner,MALAPROPISM,0,1500000,1901785
Malapropism/Easy,MALAPROPISM,4,1488095,1872023
Malapropism/Normal,MALAPROPISM,0,1500000,1901785
Malapropism/Hard,MALAPROPISM,4,1495085,1889498
Malapropism/UNBEATABLE,MALAPROPISM,43,1460957,1804176
yeahx6radio/Beginner,YEAH YEAH YEAH YEAH YEAH YEAH YEAH YEAH [Trailer Edit],4,1486607,1868303
yeahx6radio/Easy,YEAH YEAH YEAH YEAH YEAH YEAH YEAH YEAH [Trailer Edit],7,1486008,1866804
yeahx6radio/Normal,YEAH YEAH YEAH YEAH YEAH YEAH YEAH YEAH [Trailer Edit],8,1489844,1876396
yeahx6radio/Hard,YEAH YEAH YEAH YEAH YEAH YEAH YEAH YEAH [Trailer Edit],16,1485667,1865951
yeahx6radio/UNBEATABLE,YEAH YEAH YEAH YEAH YEAH YEAH YEAH YEAH [Trailer Edit],16,1490193,1877267
FOREVER WHEN/Beginner,Forever When,5,1487483,1870494
FOREVER WHEN/Easy,Forever When,11,1486102,1867040
FOREVER WHEN/Normal,Forever When,31,1476001,1841788
FOREVER WHEN/Hard,Forever When,21,1485867,1866452
FOREVER WHEN/UNBEATABLE,Forever When,26,1488054,1871921
WORNOUTTAPES/Beginner,Worn Out Tapes [tally-ho! version],5,1494396,1887776
WORNOUTTAPES/Easy,Worn Out Tapes [tally-ho! version],4,1496368,1892705
WORNOUTTAPES/Normal,Worn Out Tapes [tally-ho! version],15,1492091,1882012
WORNOUTTAPES/Hard,Worn Out Tapes [tally-ho! version],34,1485521,1865588
WORNOUTTAPES/UNBEATABLE,Worn Out Tapes [tally-ho! version],56,1483352,1860165
WORNOUTTAPES/Star,Worn Out Tapes [tally-ho! version],27,1494736,1888626
BLANK PAGE/Beginner,Blank Page,2,1496452,1892916
BLANK PAGE/Easy,Blank Page,2,1497840,1896385
BLANK PAGE/Normal,Blank Page,3,1497497,1895527
BLANK PAGE/Hard,Blank Page,3,1498268,1897456
BLANK PAGE/UNBEATABLE,Blank Page,0,1500000,1901785
BLANK PAGE/Star,Blank Page,3,1498923,1899092
PLASTIC HAMMER REINTRO AC/Beginner,THE ADVENTURES OF CLEF THE GREAT, THE COOLEST PERSON YOU'VE EVER MET IN YOUR ENTIRE LIFE, WHO YOU ARE ONLY A SPECK OF DUST NEXT TO IN THE GRAND SCHEME OF THINGS, FEATURING TREBLE SOMETIMES. AN-please, dear god, clef, this is not the final title of the song. we cannot put this on there. first of all, it's too long, and second of all, it's...i mean, this isn't a title. this is barely a collection of words you said out loud. UH YEAH WHY IS THAT A PROBLEM. it's...you know what, sure. yeah, okay, label guy, put this on there. literally print every word in our conversation. do you have a maximum length? you don't? what, really? we have other songs on this record. what's that g...you know what? no, it's fine. we're gonna do it. and keep this tape so that when she complains about it i can show her the evidence.,2,1490602,1878289
PLASTIC HAMMER REINTRO AC/Easy,THE ADVENTURES OF CLEF THE GREAT, THE COOLEST PERSON YOU'VE EVER MET IN YOUR ENTIRE LIFE, WHO YOU ARE ONLY A SPECK OF DUST NEXT TO IN THE GRAND SCHEME OF THINGS, FEATURING TREBLE SOMETIMES. AN-please, dear god, clef, this is not the final title of the song. we cannot put this on there. first of all, it's too long, and second of all, it's...i mean, this isn't a title. this is barely a collection of words you said out loud. UH YEAH WHY IS THAT A PROBLEM. it's...you know what, sure. yeah, okay, label guy, put this on there. literally print every word in our conversation. do you have a maximum length? you don't? what, really? we have other songs on this record. what's that g...you know what? no, it's fine. we're gonna do it. and keep this tape so that when she complains about it i can show her the evidence.,7,1481250,1854910
PLASTIC HAMMER REINTRO AC/Normal,THE ADVENTURES OF CLEF THE GREAT, THE COOLEST PERSON YOU'VE EVER MET IN YOUR ENTIRE LIFE, WHO YOU ARE ONLY A SPECK OF DUST NEXT TO IN THE GRAND SCHEME OF THINGS, FEATURING TREBLE SOMETIMES. AN-please, dear god, clef, this is not the final title of the song. we cannot put this on there. first of all, it's too long, and second of all, it's...i mean, this isn't a title. this is barely a collection of words you said out loud. UH YEAH WHY IS THAT A PROBLEM. it's...you know what, sure. yeah, okay, label guy, put this on there. literally print every word in our conversation. do you have a maximum length? you don't? what, really? we have other songs on this record. what's that g...you know what? no, it's fine. we're gonna do it. and keep this tape so that when she complains about it i can show her the evidence.,12,1476538,1843130
PLASTIC HAMMER REINTRO AC/Hard,THE ADVENTURES OF CLEF THE GREAT, THE COOLEST PERSON YOU'VE EVER MET IN YOUR ENTIRE LIFE, WHO YOU ARE ONLY A SPECK OF DUST NEXT TO IN THE GRAND SCHEME OF THINGS, FEATURING TREBLE SOMETIMES. AN-please, dear god, clef, this is not the final title of the song. we cannot put this on there. first of all, it's too long, and second of all, it's...i mean, this isn't a title. this is barely a collection of words you said out loud. UH YEAH WHY IS THAT A PROBLEM. it's...you know what, sure. yeah, okay, label guy, put this on there. literally print every word in our conversation. do you have a maximum length? you don't? what, really? we have other songs on this record. what's that g...you know what? no, it's fine. we're gonna do it. and keep this tape so that when she complains about it i can show her the evidence.,26,1466356,1817675
PLASTIC HAMMER REINTRO AC/UNBEATABLE,THE ADVENTURES OF CLEF THE GREAT, THE COOLEST PERSON YOU'VE EVER MET IN YOUR ENTIRE LIFE, WHO YOU ARE ONLY A SPECK OF DUST NEXT TO IN THE GRAND SCHEME OF THINGS, FEATURING TREBLE SOMETIMES. AN-please, dear god, clef, this is not the final title of the song. we cannot put this on there. first of all, it's too long, and second of all, it's...i mean, this isn't a title. this is barely a collection of words you said out loud. UH YEAH WHY IS THAT A PROBLEM. it's...you know what, sure. yeah, okay, label guy, put this on there. literally print every word in our conversation. do you have a maximum length? you don't? what, really? we have other songs on this record. what's that g...you know what? no, it's fine. we're gonna do it. and keep this tape so that when she complains about it i can show her the evidence.,27,1473509,1835557
WAR DEN AC/Beginner,WAR DEN,10,1479860,1851436
WAR DEN AC/Easy,WAR DEN,13,1478896,1849025
WAR DEN AC/Normal,WAR DEN,21,1474776,1838725
WAR DEN AC/Hard,WAR DEN,21,1482367,1857702
WAR DEN AC/UNBEATABLE,WAR DEN,23,1487030,1869360
DRASTIC HAMMER AC/Beginner,DRASTIC HAMMER,2,1494048,1886904
DRASTIC HAMMER AC/Easy,DRASTIC HAMMER,9,1485565,1865697
DRASTIC HAMMER AC/Normal,DRASTIC HAMMER,6,1492982,1884240
DRASTIC HAMMER AC/Hard,DRASTIC HAMMER,12,1489530,1875610
DRASTIC HAMMER AC/UNBEATABLE,DRASTIC HAMMER,16,1489067,1874453
EMPTY DIARY DANTE/Beginner,Empty Diary - (SoundCirclet RMX),1,1498031,1896861
EMPTY DIARY DANTE/Easy,Empty Diary - (SoundCirclet RMX),12,1485521,1865588
EMPTY DIARY DANTE/Normal,Empty Diary - (SoundCirclet RMX),38,1476051,1841911
EMPTY DIARY DANTE/Hard,Empty Diary - (SoundCirclet RMX),38,1476051,1841911
EMPTY DIARY DANTE/UNBEATABLE,Empty Diary - (SoundCirclet RMX),54,1474078,1836981
EMPTY DIARY DANTE/Star,Empty Diary - (SoundCirclet RMX),58,1483205,1859797
PROPERRHYTHM MUST DIE/Beginner,Proper Rhythm - (MUST DIE! Remix),24,1459822,1801339
PROPERRHYTHM MUST DIE/Easy,Proper Rhythm - (MUST DIE! Remix),55,1447007,1769302
PROPERRHYTHM MUST DIE/Normal,Proper Rhythm - (MUST DIE! Remix),34,1477458,1845429
PROPERRHYTHM MUST DIE/Hard,Proper Rhythm - (MUST DIE! Remix),52,1472031,1831863
PROPERRHYTHM MUST DIE/UNBEATABLE,Proper Rhythm - (MUST DIE! Remix),69,1475159,1839681
PROPERRHYTHM MUST DIE/Star,Proper Rhythm - (MUST DIE! Remix),105,1465909,1816558
PROPERRHYTHM BOOTLEG/Beginner,proper rhythm bootleg,3,1489698,1876030
PROPERRHYTHM BOOTLEG/Easy,proper rhythm bootleg,8,1480520,1853084
PROPERRHYTHM BOOTLEG/Normal,proper rhythm bootleg,13,1479273,1849968
PROPERRHYTHM BOOTLEG/Hard,proper rhythm bootleg,13,1484315,1862572
PROPERRHYTHM BOOTLEG/UNBEATABLE,proper rhythm bootleg,30,1476084,1841996
PROPERRHYTHM BOOTLEG/Star,proper rhythm bootleg,43,1473089,1834508
Forever Now - DOG_NOISE Remix/Beginner,Forever Now - (DOG NOISE REMIX),1,1498478,1897980
Forever Now - DOG_NOISE Remix/Easy,Forever Now - (DOG NOISE REMIX),2,1497308,1895055
Forever Now - DOG_NOISE Remix/Normal,Forever Now - (DOG NOISE REMIX),18,1484140,1862135
Forever Now - DOG_NOISE Remix/Hard,Forever Now - (DOG NOISE REMIX),32,1478355,1847672
Forever Now - DOG_NOISE Remix/UNBEATABLE,Forever Now - (DOG NOISE REMIX),117,1440981,1754237
Forever Now - DOG_NOISE Remix/Star,Forever Now - (DOG NOISE REMIX),9,1497770,1896210
Familiar - Brandon Liew Remix/Beginner,Familiar (Brandon Liew Remix),3,1494571,1888211
Familiar - Brandon Liew Remix/Easy,Familiar (Brandon Liew Remix),4,1494420,1887834
Familiar - Brandon Liew Remix/Normal,Familiar (Brandon Liew Remix),7,1493601,1885787
Familiar - Brandon Liew Remix/Hard,Familiar (Brandon Liew Remix),11,1492743,1883642
Familiar - Brandon Liew Remix/UNBEATABLE,Familiar (Brandon Liew Remix),11,1494301,1887538
Familiar - Brandon Liew Remix/Star,Familiar (Brandon Liew Remix),14,1494076,1886975
Mirror - Kamome Sano Remix/Beginner,Mirror - Kamome Sano Remix,8,1481840,1856386
Mirror - Kamome Sano Remix/Easy,Mirror - Kamome Sano Remix,12,1483346,1860149
Mirror - Kamome Sano Remix/Normal,Mirror - Kamome Sano Remix,41,1467604,1820796
Mirror - Kamome Sano Remix/Hard,Mirror - Kamome Sano Remix,64,1470238,1827381
Mirror - Kamome Sano Remix/UNBEATABLE,Mirror - Kamome Sano Remix,126,1461296,1805025
Waiting Lumena/Beginner,WAITING - Lumena-Tan Remix,0,1500000,1901785
Waiting Lumena/Easy,WAITING - Lumena-Tan Remix,5,1487825,1871347
Waiting Lumena/Normal,WAITING - Lumena-Tan Remix,15,1482756,1858675
Waiting Lumena/Hard,WAITING - Lumena-Tan Remix,19,1487940,1871635
Waiting Lumena/UNBEATABLE,WAITING - Lumena-Tan Remix,15,1492490,1883010
Waiting Lumena/Star,WAITING - Lumena-Tan Remix,21,1490578,1878230
Familiar Live/Beginner,Familiar (Live),0,1500000,1901785
Familiar Live/Easy,Familiar (Live),4,1491758,1881181
Familiar Live/Normal,Familiar (Live),4,1493386,1885251
Familiar Live/Hard,Familiar (Live),13,1484455,1862922
Familiar Live/UNBEATABLE,Familiar (Live),25,1478942,1849140
Proper Rhythm Live/Beginner,Proper Rhythm (Live),8,1474490,1838010
Proper Rhythm Live/Easy,Proper Rhythm (Live),11,1479680,1850985
Proper Rhythm Live/Normal,Proper Rhythm (Live),38,1464658,1813430
Proper Rhythm Live/Hard,Proper Rhythm (Live),45,1468934,1824120
Proper Rhythm Live/UNBEATABLE,Proper Rhythm (Live),46,1475209,1839806
Loner Live/Beginner,LONER (live),0,1500000,1901785
Loner Live/Easy,LONER (live),10,1477300,1845036
Loner Live/Normal,LONER (live),7,1489347,1875151
Loner Live/Hard,LONER (live),50,1455058,1789429
Loner Live/UNBEATABLE,LONER (live),49,1464139,1812134
WAITING LIVE/Beginner,Waiting (Live),1,1497730,1896110
WAITING LIVE/Easy,Waiting (Live),4,1494643,1888392
WAITING LIVE/Normal,Waiting (Live),11,1489247,1874902
WAITING LIVE/Hard,Waiting (Live),16,1488194,1872269
WAITING LIVE/UNBEATABLE,Waiting (Live),25,1484815,1863824
Familiar Acoustic/Beginner,Familiar (Acoustic),1,1494420,1887834
Familiar Acoustic/Easy,Familiar (Acoustic),9,1473214,1834821
Familiar Acoustic/Normal,Familiar (Acoustic),17,1469023,1824343
Familiar Acoustic/Hard,Familiar (Acoustic),19,1469886,1826500
Familiar Acoustic/UNBEATABLE,Familiar (Acoustic),20,1477396,1845275
lessthan3/Beginner,<3,0,1500000,1901785
lessthan3/Easy,<3,3,1493866,1886450
lessthan3/Normal,<3,3,1496022,1891840
lessthan3/Hard,<3,0,1500000,1901785
lessthan3/UNBEATABLE,<3,17,1490414,1877819
DO NO HARM/Beginner,Do No Harm (Atrial Mix),5,1486049,1866908
DO NO HARM/Easy,Do No Harm (Atrial Mix),7,1487416,1870326
DO NO HARM/Normal,Do No Harm (Atrial Mix),35,1461890,1806511
DO NO HARM/Hard,Do No Harm (Atrial Mix),60,1455481,1790487
DO NO HARM/UNBEATABLE,Do No Harm (Atrial Mix),63,1467423,1820342
IT'S TIME TO DO CRIMES/Beginner,IT'S TIME TO CRIME,0,1500000,1901785
IT'S TIME TO DO CRIMES/Easy,IT'S TIME TO CRIME,5,1493304,1885044
IT'S TIME TO DO CRIMES/Normal,IT'S TIME TO CRIME,14,1487664,1870946
IT'S TIME TO DO CRIMES/Hard,IT'S TIME TO CRIME,15,1491733,1881117
IT'S TIME TO DO CRIMES/UNBEATABLE,IT'S TIME TO CRIME,16,1492649,1883407
Low/Beginner,Low (NSR Ending Theme),1,1498619,1898333
Low/Easy,Low (NSR Ending Theme),4,1496533,1893117
Low/Normal,Low (NSR Ending Theme),22,1487900,1871534
Low/Hard,Low (NSR Ending Theme),29,1487975,1871724
Low/UNBEATABLE,Low (NSR Ending Theme),58,1478453,1847916
Low/Star,Low (NSR Ending Theme),100,1474683,1838492
NOISZ - True/Beginner,True (from NOISZ SL),7,1486511,1868062
NOISZ - True/Easy,True (from NOISZ SL),9,1489286,1874999
NOISZ - True/Normal,True (from NOISZ SL),13,1488583,1873243
NOISZ - True/Hard,True (from NOISZ SL),13,1488583,1873243
NOISZ - True/UNBEATABLE,True (from NOISZ SL),20,1491318,1880079
NOISZ - True/Star,True (from NOISZ SL),51,1481079,1854483
True - Full/Beginner,True (Full Version),7,1488567,1873203
True - Full/Easy,True (Full Version),13,1487384,1870244
True - Full/Normal,True (Full Version),30,1479810,1851309
True - Full/Hard,True (Full Version),24,1490260,1877435
True - Full/UNBEATABLE,True (Full Version),34,1489423,1875342
True - Full/Star,True (Full Version),35,1491667,1880952
NOISZ - Done In Love/Beginner,Done In Love (from NOISZ SL),3,1488183,1872242
NOISZ - Done In Love/Easy,Done In Love (from NOISZ SL),5,1487365,1870198
NOISZ - Done In Love/Normal,Done In Love (from NOISZ SL),14,1477273,1844967
NOISZ - Done In Love/Hard,Done In Love (from NOISZ SL),25,1471011,1829313
NOISZ - Done In Love/UNBEATABLE,Done In Love (from NOISZ SL),34,1469844,1826395
NOISZ - Done In Love/Star,Done In Love (from NOISZ SL),16,1490901,1879037
Done In Love Full/Beginner,Done in Love (Full Version),13,1452944,1784145
Done In Love Full/Easy,Done in Love (Full Version),14,1468220,1822336
Done In Love Full/Normal,Done in Love (Full Version),41,1458714,1798570
Done In Love Full/Hard,Done in Love (Full Version),55,1463624,1810846
Done In Love Full/UNBEATABLE,Done in Love (Full Version),77,1464131,1812111
Done In Love Full/Star,Done in Love (Full Version),107,1459289,1800007
Twist Sound/Beginner,Twist Sound,17,1478521,1848087
Twist Sound/Easy,Twist Sound,24,1475923,1841593
Twist Sound/Normal,Twist Sound,30,1476572,1843216
Twist Sound/Hard,Twist Sound,38,1478158,1847179
Twist Sound/UNBEATABLE,Twist Sound,58,1479665,1850948
Twist Sound/Star,Twist Sound,64,1480205,1852297
Beyond The Heart/Beginner,Beyond the Heart (Broken Heart Mix),0,1500000,1901785
Beyond The Heart/Easy,Beyond the Heart (Broken Heart Mix),9,1481018,1854330
Beyond The Heart/Normal,Beyond the Heart (Broken Heart Mix),2,1497308,1895055
Beyond The Heart/Hard,Beyond the Heart (Broken Heart Mix),11,1490276,1877475
Beyond The Heart/UNBEATABLE,Beyond the Heart (Broken Heart Mix),29,1481417,1855327
K Moe/Beginner,K.Moe (VIP),1,1497374,1895220
K Moe/Easy,K.Moe (VIP),7,1485687,1866003
K Moe/Normal,K.Moe (VIP),9,1488183,1872242
K Moe/Hard,K.Moe (VIP),13,1488731,1873612
K Moe/UNBEATABLE,K.Moe (VIP),17,1488729,1873607
K Moe/Star,K.Moe (VIP),58,1473977,1836728
Cosmic Starter/Beginner,Cosmic Starter,6,1485390,1865259
Cosmic Starter/Easy,Cosmic Starter,3,1494607,1888303
Cosmic Starter/Normal,Cosmic Starter,10,1488650,1873411
Cosmic Starter/Hard,Cosmic Starter,17,1485119,1864583
Cosmic Starter/UNBEATABLE,Cosmic Starter,35,1480906,1854051
Disco Disaster/Beginner,Disco Disaster,5,1491131,1879612
Disco Disaster/Easy,Disco Disaster,9,1488839,1873883
Disco Disaster/Normal,Disco Disaster,10,1490700,1878534
Disco Disaster/Hard,Disco Disaster,21,1486765,1868697
Disco Disaster/UNBEATABLE,Disco Disaster,29,1485668,1865956
Om and On/Beginner,Om and On,16,1484962,1864191
Om and On/Easy,Om and On,19,1485980,1866735
Om and On/Normal,Om and On,33,1483631,1860863
Om and On/Hard,Om and On,52,1479959,1851682
Om and On/UNBEATABLE,Om and On,61,1482025,1856848
Om and On/Star,Om and On,75,1480247,1852402
Small Cloud Sugar Candy/Beginner,Small Cloud Sugar Candy,6,1494048,1886904
Small Cloud Sugar Candy/Easy,Small Cloud Sugar Candy,47,1454715,1788572
Small Cloud Sugar Candy/Normal,Small Cloud Sugar Candy,67,1450149,1777157
Small Cloud Sugar Candy/Hard,Small Cloud Sugar Candy,100,1457280,1794984
Small Cloud Sugar Candy/UNBEATABLE,Small Cloud Sugar Candy,107,1463208,1809806
Small Cloud Sugar Candy/Star,Small Cloud Sugar Candy,111,1467577,1820727
beat has a bad day/Trailer,beat has a bad day,38,1454151,1787162
EMPTY DIARY ACOUSTIC/Easy,Empty Diary ~acoustic ver~,0,1500000,1901785
EMPTY DIARY ACOUSTIC/Normal,Empty Diary ~acoustic ver~,0,1500000,1901785
EMPTY DIARY ACOUSTIC/Hard,Empty Diary ~acoustic ver~,0,1500000,1901785
OFFSETWIZARD/OFFSETWIZARD,offset wizard,0,1500000,1901785
Waiting Setpiece/Beginner,Waiting [Story],0,1500000,1901785
Waiting Setpiece/Easy,Waiting [Story],0,1500000,1901785
Waiting Setpiece/Normal,Waiting [Story],1,1497565,1895698
Waiting Setpiece/Hard,Waiting [Story],2,1496032,1891865
Waiting Setpiece/UNBEATABLE,Waiting [Story],4,1494449,1887907
Waiting Setpiece/Star,Waiting [Story],13,1485055,1864423
Waiting ButDoWeSuck/Beginner,Waiting -But Do We Suck?-,7,1464623,1813342
Waiting ButDoWeSuck/Easy,Waiting -But Do We Suck?-,3,1491360,1880184
Waiting ButDoWeSuck/Normal,Waiting -But Do We Suck?-,4,1491694,1881021
Waiting ButDoWeSuck/Hard,Waiting -But Do We Suck?-,16,1475083,1839493
Waiting ButDoWeSuck/UNBEATABLE,Waiting -But Do We Suck?-,8,1490260,1877435
MEMORIZED - Trailer Cut/Beginner,MEMORIZED -Trailer Cut-,14,1470238,1827381
MEMORIZED - Trailer Cut/Easy,MEMORIZED -Trailer Cut-,14,1470238,1827381
MEMORIZED - Trailer Cut/Normal,MEMORIZED -Trailer Cut-,14,1470238,1827381
MEMORIZED - Trailer Cut/Hard,MEMORIZED -Trailer Cut-,14,1470238,1827381
MEMORIZED - Trailer Cut/UNBEATABLE,MEMORIZED -Trailer Cut-,14,1470238,1827381
MEMORIZED - Trailer Cut/Star,MEMORIZED -Trailer Cut-,14,1470238,1827381
DIALTONE/Beginner,Dialtone (Setpiece),0,1500000,1901785
DIALTONE/Easy,Dialtone (Setpiece),1,1497543,1895642
DIALTONE/Normal,Dialtone (Setpiece),0,1500000,1901785
DIALTONE/Hard,Dialtone (Setpiece),0,1500000,1901785
DIALTONE/UNBEATABLE,Dialtone (Setpiece),1,1499243,1899893
C3 BRAWL 2/Beginner,BRAWLS 2,0,1500000,1901785
C3 BRAWL 2/Easy,BRAWLS 2,0,1500000,1901785
C3 BRAWL 2/Normal,BRAWLS 2,0,1500000,1901785
C3 BRAWL 2/Hard,BRAWLS 2,0,1500000,1901785
C3 BRAWL 2/UNBEATABLE,BRAWLS 2,0,1500000,1901785
C3 BRAWL 4/Beginner,BRAWLS 4,0,1500000,1901785
C3 BRAWL 4/Easy,BRAWLS 4,0,1500000,1901785
C3 BRAWL 4/Normal,BRAWLS 4,0,1500000,1901785
C3 BRAWL 4/Hard,BRAWLS 4,0,1500000,1901785
C3 BRAWL 4/UNBEATABLE,BRAWLS 4,0,1500000,1901785
C3 BRAWL 5/Beginner,brawls 5,0,1500000,1901785
C3 BRAWL 5/Easy,brawls 5,0,1500000,1901785
C3 BRAWL 5/Normal,brawls 5,0,1500000,1901785
C3 BRAWL 5/Hard,brawls 5,0,1500000,1901785
C3 BRAWL 5/UNBEATABLE,brawls 5,0,1500000,1901785
Teleportation/Beginner,teleportation yeah skeipbdipbodbpabp,1,1485119,1864583
Teleportation/Easy,teleportation yeah skeipbdipbodbpabp,1,1485119,1864583
Teleportation/Normal,teleportation yeah skeipbdipbodbpabp,1,1485119,1864583
Teleportation/Hard,teleportation yeah skeipbdipbodbpabp,1,1485119,1864583
Teleportation/UNBEATABLE,teleportation yeah skeipbdipbodbpabp,1,1485119,1864583
RETUNED/Beginner,RETUNED,3,1482903,1859042
RETUNED/Easy,RETUNED,3,1489141,1874638
RETUNED/Normal,RETUNED,5,1485902,1866541
RETUNED/Hard,RETUNED,12,1478713,1848569
RETUNED/UNBEATABLE,RETUNED,14,1482558,1858181
C5 Crest Brawl/Beginner,Silent Spiral,0,1500000,1901785
C5 Crest Brawl/Easy,Silent Spiral,0,1500000,1901785
C5 Crest Brawl/Normal,Silent Spiral,0,1500000,1901785
C5 Crest Brawl/Hard,Silent Spiral,0,1500000,1901785
C5 Crest Brawl/UNBEATABLE,Silent Spiral,0,1500000,1901785
C1 Moped Escape/Beginner,retuned_wip_moped,0,1500000,1901785
UnBITable/UNBEATABLE,UnBITable,106,1475938,1841631
C5 PocoApoco Test/UNBEATABLE,PRONTO A MOLTO,0,1500000,1901785
Ambush Unwinnable/Beginner,unwinnable brawl,0,1500000,1901785
Ambush Unwinnable/Easy,unwinnable brawl,0,1500000,1901785
Ambush Unwinnable/Normal,unwinnable brawl,0,1500000,1901785
Ambush Unwinnable/Hard,unwinnable brawl,0,1500000,1901785
Ambush Unwinnable/UNBEATABLE,unwinnable brawl,0,1500000,1901785
Ambush Unwinnable/Star,unwinnable brawl,0,1500000,1901785
Trailer2Chart/Tutorial,APRIL TRAILER,13,1468629,1823359
Trailer2Chart/Beginner,APRIL TRAILER,13,1468629,1823359
Trailer2Chart/Easy,APRIL TRAILER,13,1468629,1823359
Trailer2Chart/Normal,APRIL TRAILER,13,1468629,1823359
Trailer2Chart/Hard,APRIL TRAILER,13,1468629,1823359
Trailer2Chart/UNBEATABLE,APRIL TRAILER,13,1468629,1823359
ArcadeMenuTheme/Tutorial,SOUND TEST,0,1500000,1901785
ArcadeMenuTheme/Beginner,SOUND TEST,0,1500000,1901785
ArcadeMenuTheme/Easy,SOUND TEST,0,1500000,1901785
ArcadeMenuTheme/Normal,SOUND TEST,0,1500000,1901785
ArcadeMenuTheme/Hard,SOUND TEST,0,1500000,1901785
ArcadeMenuTheme/UNBEATABLE,SOUND TEST,0,1500000,1901785
ArcadeMenuTheme/Star,SOUND TEST,0,1500000,1901785
BookendSong/Beginner,BOOKEND SONG,2,1497508,1895556
BookendSong/Easy,BOOKEND SONG,10,1490951,1879162
BookendSong/Normal,BOOKEND SONG,22,1485936,1866625
BookendSong/Hard,BOOKEND SONG,45,1481341,1855138
BookendSong/UNBEATABLE,BOOKEND SONG,48,1485256,1864924
C3 BRAWL 1/Beginner,BRAWLS 1,0,1500000,1901785
C3 BRAWL 1/Easy,BRAWLS 1,0,1500000,1901785
C3 BRAWL 1/Normal,BRAWLS 1,0,1500000,1901785
C3 BRAWL 1/Hard,BRAWLS 1,0,1500000,1901785
C3 BRAWL 1/UNBEATABLE,BRAWLS 1,0,1500000,1901785
C4 TEST BRAWL/Beginner,Temp Brawl for Richard that is Awesome,0,1500000,1901785
C4 TEST BRAWL/Easy,Temp Brawl for Richard that is Awesome,0,1500000,1901785
C4 TEST BRAWL/Normal,Temp Brawl for Richard that is Awesome,0,1500000,1901785
C4 TEST BRAWL/Hard,Temp Brawl for Richard that is Awesome,0,1500000,1901785
C4 TEST BRAWL/UNBEATABLE,Temp Brawl for Richard that is Awesome,0,1500000,1901785
brawl 10/Beginner,GO FIGURE,0,1500000,1901785
brawl 10/Easy,GO FIGURE,0,1500000,1901785
brawl 10/Normal,GO FIGURE,0,1500000,1901785
brawl 10/Hard,GO FIGURE,0,1500000,1901785
brawl 10/UNBEATABLE,GO FIGURE,0,1500000,1901785
brawl 11/Beginner,brawl 11,0,1500000,1901785
brawl 11/Easy,brawl 11,0,1500000,1901785
brawl 11/Normal,brawl 11,0,1500000,1901785
brawl 11/Hard,brawl 11,0,1500000,1901785
brawl 11/UNBEATABLE,brawl 11,0,1500000,1901785
brawl 12/Beginner,brawl 12,0,1500000,1901785
brawl 12/Easy,brawl 12,0,1500000,1901785
brawl 12/Normal,brawl 12,0,1500000,1901785
brawl 12/Hard,brawl 12,0,1500000,1901785
brawl 12/UNBEATABLE,brawl 12,0,1500000,1901785
brawl 13/Beginner,BRAWL 13,0,1500000,1901785
brawl 13/Easy,BRAWL 13,0,1500000,1901785
brawl 13/Hard,BRAWL 13,0,1500000,1901785
brawl 13/UNBEATABLE,BRAWL 13,0,1500000,1901785
brawl 13/,BRAWL 13,0,1500000,1901785
brawl 18/Beginner,BRAWL 18,0,1500000,1901785
brawl 18/Easy,BRAWL 18,0,1500000,1901785
brawl 18/Normal,BRAWL 18,0,1500000,1901785
brawl 18/Hard,BRAWL 18,0,1500000,1901785
brawl 18/UNBEATABLE,BRAWL 18,0,1500000,1901785
WAR DEN/Beginner,WAR DEN,0,1500000,1901785
WAR DEN/Easy,WAR DEN,0,1500000,1901785
WAR DEN/Hard,WAR DEN,0,1500000,1901785
WAR DEN/UNBEATABLE,WAR DEN,0,1500000,1901785
WAR DEN/,WAR DEN,0,1500000,1901785
C4 SP Crest Fight/Beginner,Crest Fight HARM Assault,0,1500000,1901785
C4 SP Crest Fight/Easy,Crest Fight HARM Assault,0,1500000,1901785
C4 SP Crest Fight/Normal,Crest Fight HARM Assault,0,1500000,1901785
C4 SP Crest Fight/Hard,Crest Fight HARM Assault,0,1500000,1901785
C4 SP Crest Fight/UNBEATABLE,Crest Fight HARM Assault,0,1500000,1901785
C4 SP Hallway Fight/Beginner,C4 Hallway Fight,0,1500000,1901785
C4 SP Hallway Fight/Easy,C4 Hallway Fight,0,1500000,1901785
C4 SP Hallway Fight/Normal,C4 Hallway Fight,0,1500000,1901785
C4 SP Hallway Fight/Hard,C4 Hallway Fight,0,1500000,1901785
C4 SP Hallway Fight/UNBEATABLE,C4 Hallway Fight,0,1500000,1901785
C4 SP Elevator Fight/Beginner,PROPER RHYTHM (ALL THERE IS TO IT),0,1500000,1901785
C4 SP Elevator Fight/Easy,PROPER RHYTHM (ALL THERE IS TO IT),14,1483333,1860119
C4 SP Elevator Fight/Normal,PROPER RHYTHM (ALL THERE IS TO IT),2,1498341,1897639
C4 SP Elevator Fight/Hard,PROPER RHYTHM (ALL THERE IS TO IT),61,1465602,1815789
C4 SP Elevator Fight/UNBEATABLE,PROPER RHYTHM (ALL THERE IS TO IT),100,1455058,1789429
DRASTIC HAMMER BRAWL/Beginner,DRASTIC HAMMER,0,1500000,1901785
DRASTIC HAMMER BRAWL/Easy,DRASTIC HAMMER,0,1500000,1901785
DRASTIC HAMMER BRAWL/Normal,DRASTIC HAMMER,0,1500000,1901785
DRASTIC HAMMER BRAWL/Hard,DRASTIC HAMMER,0,1500000,1901785
DRASTIC HAMMER BRAWL/UNBEATABLE,DRASTIC HAMMER,0,1500000,1901785
BANG BRAWL/Beginner,BANG,0,1500000,1901785
BANG BRAWL/Easy,BANG,0,1500000,1901785
BANG BRAWL/Normal,BANG,0,1500000,1901785
BANG BRAWL/Hard,BANG,0,1500000,1901785
BANG BRAWL/UNBEATABLE,BANG,0,1500000,1901785
PLASTIC HAMMER REINTRO BRAWL/Beginner,PLASTIC HAMMER RE-INTRO,0,1500000,1901785
PLASTIC HAMMER REINTRO BRAWL/Easy,PLASTIC HAMMER RE-INTRO,0,1500000,1901785
PLASTIC HAMMER REINTRO BRAWL/Normal,PLASTIC HAMMER RE-INTRO,0,1500000,1901785
PLASTIC HAMMER REINTRO BRAWL/Hard,PLASTIC HAMMER RE-INTRO,0,1500000,1901785
PLASTIC HAMMER REINTRO BRAWL/UNBEATABLE,PLASTIC HAMMER RE-INTRO,0,1500000,1901785
COP FIGHT/Beginner,COP FIGHT!!!!!!,0,1446429,1848214
COP FIGHT/Easy,COP FIGHT!!!!!!,0,1446429,1848214
COP FIGHT/Normal,COP FIGHT!!!!!!,0,1446429,1848214
COP FIGHT/Hard,COP FIGHT!!!!!!,0,1446429,1848214
COP FIGHT/UNBEATABLE,COP FIGHT!!!!!!,0,1446429,1848214
pronto a molto story/Beginner,pronto a molto,0,1500000,1901785
pronto a molto story/Easy,pronto a molto,0,1500000,1901785
pronto a molto story/Normal,pronto a molto,0,1500000,1901785
pronto a molto story/Hard,pronto a molto,0,1500000,1901785
pronto a molto story/UNBEATABLE,pronto a molto,0,1500000,1901785
Infinity Chase/Beginner,Infinity Chase,0,1500000,1901785
Infinity Chase/Easy,Infinity Chase,0,1500000,1901785
Infinity Chase/Normal,Infinity Chase,0,1500000,1901785
Infinity Chase/Hard,Infinity Chase,0,1500000,1901785
Infinity Chase/UNBEATABLE,Infinity Chase,0,1500000,1901785
Forever Now But Bad/Beginner,Forever Now,1,1493467,1885452
Forever Now But Bad/Easy,Forever Now,1,1496280,1892485
Forever Now But Bad/Normal,Forever Now,1,1497322,1895089
Forever Now But Bad/Hard,Forever Now [b],1,1498396,1897775
Forever Now But Bad/UNBEATABLE,Forever Now [b],23,1477012,1844316
No Signal But Bad/Beginner,No Signal [b],5,1481137,1854627
No Signal But Bad/Easy,No Signal [b],8,1481840,1856386
No Signal But Bad/UNBEATABLE,No Signal [b],23,1486248,1867406
No Signal But Bad/,No Signal [b],16,1485472,1865466
No Signal But Bad/,No Signal [b],16,1485472,1865466
beat v rest part 2/Beginner,beat v. rest 2,0,1500000,1901785
beat v rest part 2/Easy,beat v. rest 2,0,1500000,1901785
beat v rest part 2/Normal,beat v. rest 2,0,1500000,1901785
beat v rest part 2/Hard,beat v. rest 2,0,1500000,1901785
beat v rest part 2/UNBEATABLE,beat v. rest 2,0,1500000,1901785
yeahx6 story/Beginner,YEAH YEAH YEAH YEAH YEAH YEAH YEAH YEAH,4,1488354,1872670
yeahx6 story/Easy,YEAH YEAH YEAH YEAH YEAH YEAH YEAH YEAH,10,1480159,1852182
yeahx6 story/Normal,YEAH YEAH YEAH YEAH YEAH YEAH YEAH YEAH,13,1480438,1852879
yeahx6 story/Hard,YEAH YEAH YEAH YEAH YEAH YEAH YEAH YEAH,12,1489250,1874910
yeahx6 story/UNBEATABLE,YEAH YEAH YEAH YEAH YEAH YEAH YEAH YEAH,20,1487184,1869745
ZERO MOMENT STORY/Beginner,ZERO MOMENT,3,1496956,1894176
ZERO MOMENT STORY/Easy,ZERO MOMENT,7,1494122,1887091
ZERO MOMENT STORY/Normal,ZERO MOMENT,9,1494595,1888272
ZERO MOMENT STORY/Hard,ZERO MOMENT,33,1486253,1867418
ZERO MOMENT STORY/UNBEATABLE,ZERO MOMENT,39,1487214,1869819
AFTERBURN/Beginner,Afterburn,5,1487365,1870198
AFTERBURN/Easy,Afterburn,32,1459759,1801182
AFTERBURN/Normal,Afterburn,47,1464932,1814116
AFTERBURN/Hard,Afterburn,60,1469734,1826119
AFTERBURN/UNBEATABLE,Afterburn,55,1477439,1845383
AFTERBURN/Star,Afterburn,71,1477652,1845916
AFTERBURNER/Beginner,AFTERBURNER,6,1491072,1879464
AFTERBURNER/Easy,AFTERBURNER,25,1478606,1848299
AFTERBURNER/Normal,AFTERBURNER,18,1488942,1874139
AFTERBURNER/Hard,AFTERBURNER,48,1480250,1852411
AFTERBURNER/UNBEATABLE,AFTERBURNER,43,1486140,1867135
AFTERBURNER/Star,AFTERBURNER,94,1480721,1853587
goin crazy/Beginner,goin' crazy,3,1495159,1889683
goin crazy/Easy,goin' crazy,9,1492096,1882025
goin crazy/Normal,goin' crazy,14,1491516,1880575
goin crazy/Hard,goin' crazy,22,1490511,1878062
goin crazy/UNBEATABLE,goin' crazy,30,1490837,1878878
SQUARE UP/Beginner,SQUARE UP,4,1494391,1887761
SQUARE UP/Easy,SQUARE UP,12,1489564,1875695
SQUARE UP/Normal,SQUARE UP,17,1489508,1875555
SQUARE UP/Hard,SQUARE UP,30,1486762,1868689
SQUARE UP/UNBEATABLE,SQUARE UP,51,1484388,1862755
binary reasoning/Beginner,binary reasoning,3,1492695,1883522
binary reasoning/Easy,binary reasoning,21,1474662,1838441
binary reasoning/Normal,binary reasoning,32,1471712,1831064
binary reasoning/Hard,binary reasoning,79,1457423,1795343
binary reasoning/UNBEATABLE,binary reasoning,108,1461684,1805995
hotelroom215/Beginner,Hotel Room 215 (feat. Tenchio and Postergirlxoxo),5,1480011,1851812
hotelroom215/Easy,Hotel Room 215 (feat. Tenchio and Postergirlxoxo),5,1486997,1869278
hotelroom215/Normal,Hotel Room 215 (feat. Tenchio and Postergirlxoxo),28,1467533,1820616
hotelroom215/Hard,Hotel Room 215 (feat. Tenchio and Postergirlxoxo),37,1471439,1830382
hotelroom215/UNBEATABLE,Hotel Room 215 (feat. Tenchio and Postergirlxoxo),65,1464827,1813852
hotelroom215/Star,Hotel Room 215 (feat. Tenchio and Postergirlxoxo),138,1442243,1757394
Dear Diary/Beginner,Dear Diary,9,1472913,1834069
Dear Diary/Easy,Dear Diary,15,1473910,1836560
Dear Diary/Normal,Dear Diary,26,1472364,1832695
Dear Diary/Hard,Dear Diary,20,1483311,1860063
Dear Diary/UNBEATABLE,Dear Diary,49,1469334,1825121
FORWARD OPERATING BASS/Beginner,FORWARD OPERATING BASS,13,1467150,1819659
FORWARD OPERATING BASS/Easy,FORWARD OPERATING BASS,41,1447704,1771045
FORWARD OPERATING BASS/Normal,FORWARD OPERATING BASS,62,1452821,1783837
FORWARD OPERATING BASS/Hard,FORWARD OPERATING BASS,93,1449574,1775719
FORWARD OPERATING BASS/UNBEATABLE,FORWARD OPERATING BASS,140,1449933,1776618
Welcome to Slamtown/Beginner,Welcome to Slamtown,0,1500000,1901785
Welcome to Slamtown/Easy,Welcome to Slamtown,9,1487886,1871500
Welcome to Slamtown/Normal,Welcome to Slamtown,8,1492064,1881944
Welcome to Slamtown/Hard,Welcome to Slamtown,10,1492857,1883928
Welcome to Slamtown/UNBEATABLE,Welcome to Slamtown,18,1488839,1873883
ababkababbab/Beginner,Abab Kababbab,4,1493912,1886566
ababkababbab/Easy,Abab Kababbab,6,1493722,1886090
ababkababbab/Normal,Abab Kababbab,7,1494249,1887406
ababkababbab/Hard,Abab Kababbab,6,1496380,1892736
ababkababbab/UNBEATABLE,Abab Kababbab,5,1498004,1896795
Misery Index/Beginner,Misery Index,14,1470238,1827381
Misery Index/Easy,Misery Index,32,1459377,1800228
Misery Index/Normal,Misery Index,59,1455104,1789544
Misery Index/Hard,Misery Index,96,1452026,1781849
Misery Index/UNBEATABLE,Misery Index,77,1465796,1816275
Misery Index/Star,Misery Index,122,1457058,1794431
